kennzeichen,bundesland,kreis,stadt_oder_ursprung,abkuerzung_ursprung,alternativen
"AA","Baden-Württemberg","Ostalbkreis","Aalen","Aalen","Ostalbkreis | Aalen"
"BAD","Baden-Württemberg","Baden-Baden","BADen-Baden","BADen-Baden","Baden-Baden | BADen-Baden"
"BB","Baden-Württemberg","Böblingen","Böblingen","Böblingen","Böblingen"
"BC","Baden-Württemberg","Biberach","Biberach an der Riß","Biberach an der Riß","Biberach | Biberach an der Riß"
"BCH","Baden-Württemberg","Neckar-Odenwald-Kreis","Buchen","Buchen","Neckar-Odenwald-Kreis | Buchen"
"BH","Baden-Württemberg","Ortenaukreis","Bühl","Bühl","Ortenaukreis | Bühl"
"BK","Baden-Württemberg","Rems-Murr-Kreis","Backnang","Backnang","Rems-Murr-Kreis | Backnang"
"BL","Baden-Württemberg","Zollernalbkreis","Balingen","Balingen","Zollernalbkreis | Balingen"
"BR","Baden-Württemberg","Karlsruhe","Bruchsal","Bruchsal","Karlsruhe | Bruchsal"
"BÜS","Baden-Württemberg","Büsingen am Hochrhein","BÜSingen","BÜSingen","Büsingen am Hochrhein | BÜSingen"
"BWL","Baden-Württemberg","Baden-Württembergischer Landtag","Landesregierung von Baden-Württemberg","Landesregierung von Baden-Württemberg","Baden-Württembergischer Landtag | Landesregierung von Baden-Württemberg"
"CR","Baden-Württemberg","Schwäbisch Hall","Crailsheim","Crailsheim","Schwäbisch Hall | Crailsheim"
"CW","Baden-Württemberg","Calw","Calw","Calw","Calw"
"DS","Baden-Württemberg","Schwarzwald-Baar-Kreis","Donaueschingen","Donaueschingen","Schwarzwald-Baar-Kreis | Donaueschingen"
"EM","Baden-Württemberg","Emmendingen","Emmendingen","Emmendingen","Emmendingen"
"ES","Baden-Württemberg","Esslingen","Esslingen am Neckar","Esslingen am Neckar","Esslingen | Esslingen am Neckar"
"FDS","Baden-Württemberg","Freudenstadt","Freudenstadt","Freudenstadt","Freudenstadt"
"FN","Baden-Württemberg","Bodenseekreis","Friedrichshafen","Friedrichshafen","Bodenseekreis | Friedrichshafen"
"FR","Baden-Württemberg","Freiburg im Breisgau","FReiburg","FReiburg","Freiburg im Breisgau | FReiburg"
"GD","Baden-Württemberg","Ostalbkreis","Schwäbisch Gmünd","Schwäbisch Gmünd","Ostalbkreis | Schwäbisch Gmünd"
"GP","Baden-Württemberg","Göppingen","Göppingen","Göppingen","Göppingen"
"HCH","Baden-Württemberg","Freudenstadt","Hechingen","Hechingen","Freudenstadt | Hechingen"
"HD","Baden-Württemberg","Heidelberg","HeiDelberg","HeiDelberg","Heidelberg | HeiDelberg"
"HDH","Baden-Württemberg","Heidenheim","Heidenheim an der Brenz","Heidenheim an der Brenz","Heidenheim | Heidenheim an der Brenz"
"HN","Baden-Württemberg","Heilbronn","HeilbronN","HeilbronN","Heilbronn | HeilbronN"
"HOR","Baden-Württemberg","Freudenstadt","Horb am Neckar","Horb am Neckar","Freudenstadt | Horb am Neckar"
"KA","Baden-Württemberg","Karlsruhe","KArlsruhe","KArlsruhe","Karlsruhe | KArlsruhe"
"KEL","Baden-Württemberg","Ortenaukreis","Kehl","Kehl","Ortenaukreis | Kehl"
"KN","Baden-Württemberg","Konstanz ohne die Gemeinde Büsingen am Hochrhein","Konstanz","Konstanz","Konstanz ohne die Gemeinde Büsingen am Hochrhein | Konstanz"
"KÜN","Baden-Württemberg","Hohenlohekreis","Künzelsau","Künzelsau","Hohenlohekreis | Künzelsau"
"LB","Baden-Württemberg","Ludwigsburg","Ludwigsburg","Ludwigsburg","Ludwigsburg"
"LEO","Baden-Württemberg","Böblingen","Leonberg","Leonberg","Böblingen | Leonberg"
"LÖ","Baden-Württemberg","Lörrach","Lörrach","Lörrach","Lörrach"
"LR","Baden-Württemberg","Ortenaukreis","Lahr/Schwarzwald","Lahr/Schwarzwald","Ortenaukreis | Lahr/Schwarzwald"
"MA","Baden-Württemberg","Mannheim","MAnnheim","MAnnheim","Mannheim | MAnnheim"
"MGH","Baden-Württemberg","Main-Tauber-Kreis","Bad Mergentheim","Bad Mergentheim","Main-Tauber-Kreis | Bad Mergentheim"
"MOS","Baden-Württemberg","Neckar-Odenwald-Kreis","Mosbach","Mosbach","Neckar-Odenwald-Kreis | Mosbach"
"MÜL","Baden-Württemberg","Breisgau-Hochschwarzwald","Müllheim im Markgräflerland","Müllheim im Markgräflerland","Breisgau-Hochschwarzwald | Müllheim im Markgräflerland"
"NEU","Baden-Württemberg","Breisgau-Hochschwarzwald","Titisee-Neustadt","Titisee-Neustadt","Breisgau-Hochschwarzwald | Titisee-Neustadt"
"NT","Baden-Württemberg","Esslingen","Nürtingen","Nürtingen","Esslingen | Nürtingen"
"OG","Baden-Württemberg","Ortenaukreis","Offenburg","Offenburg","Ortenaukreis | Offenburg"
"ÖHR","Baden-Württemberg","Hohenlohekreis","Öhringen","Öhringen","Hohenlohekreis | Öhringen"
"PF","Baden-Württemberg","Pforzheim","PForzheim","PForzheim","Pforzheim | PForzheim"
"RA","Baden-Württemberg","Rastatt","Rastatt","Rastatt","Rastatt"
"RT","Baden-Württemberg","Reutlingen","Reutlingen","Reutlingen","Reutlingen"
"RV","Baden-Württemberg","Ravensburg","Ravensburg","Ravensburg","Ravensburg"
"RW","Baden-Württemberg","Rottweil","Rottweil","Rottweil","Rottweil"
"S","Baden-Württemberg","Baden-Württemberg","Stuttgart","Stuttgart","Baden-Württemberg | Stuttgart"
"SÄK","Baden-Württemberg","Waldshut","Bad Säckingen","Bad Säckingen","Waldshut | Bad Säckingen"
"SHA","Baden-Württemberg","Schwäbisch Hall","Schwäbisch Hall","Schwäbisch Hall","Schwäbisch Hall"
"SIG","Baden-Württemberg","Sigmaringen","Sigmaringen","Sigmaringen","Sigmaringen"
"SLG","Baden-Württemberg","Ravensburg","Bad Saulgau","Bad Saulgau","Ravensburg | Bad Saulgau"
"STO","Baden-Württemberg","Konstanz","Stockach","Stockach","Konstanz | Stockach"
"TBB","Baden-Württemberg","Main-Tauber-Kreis","Tauberbischofsheim","Tauberbischofsheim","Main-Tauber-Kreis | Tauberbischofsheim"
"TT","Baden-Württemberg","Bodenseekreis","Tettnang","Tettnang","Bodenseekreis | Tettnang"
"TÜ","Baden-Württemberg","Tübingen","Tübingen","Tübingen","Tübingen"
"TUT","Baden-Württemberg","Tuttlingen","Tuttlingen","Tuttlingen","Tuttlingen"
"ÜB","Baden-Württemberg","Bodenseekreis","Überlingen","Überlingen","Bodenseekreis | Überlingen"
"UL","Baden-Württemberg","Ulm","ULm","ULm","Ulm | ULm"
"VAI","Baden-Württemberg","Ludwigsburg","Vaihingen an der Enz","Vaihingen an der Enz","Ludwigsburg | Vaihingen an der Enz"
"VS","Baden-Württemberg","Schwarzwald-Baar-Kreis","Villingen-Schwenningen","Villingen-Schwenningen","Schwarzwald-Baar-Kreis | Villingen-Schwenningen"
"WG","Baden-Württemberg","Ravensburg","Wangen im Allgäu","Wangen im Allgäu","Ravensburg | Wangen im Allgäu"
"WN","Baden-Württemberg","Rems-Murr-Kreis","Waiblingen","Waiblingen","Rems-Murr-Kreis | Waiblingen"
"WOL","Baden-Württemberg","Freudenstadt","Wolfach","Wolfach","Freudenstadt | Wolfach"
"WT","Baden-Württemberg","Waldshut","Waldshut-Tiengen","Waldshut-Tiengen","Waldshut | Waldshut-Tiengen"
"A","Bayern","Bayern","Augsburg","Augsburg","Bayern | Augsburg"
"AB","Bayern","Aschaffenburg","AschaffenBurg","AschaffenBurg","Aschaffenburg | AschaffenBurg"
"AIB","Bayern","München","Bad Aibling","Bad Aibling","München | Bad Aibling"
"AIC","Bayern","Aichach-Friedberg","Aichach","Aichach","Aichach-Friedberg | Aichach"
"ALZ","Bayern","Aschaffenburg","Alzenau","Alzenau","Aschaffenburg | Alzenau"
"AM","Bayern","Amberg","AMberg","AMberg","Amberg | AMberg"
"AN","Bayern","Ansbach","ANsbach","ANsbach","Ansbach | ANsbach"
"AÖ","Bayern","Altötting","Altötting","Altötting","Altötting"
"AS","Bayern","Amberg, Sulzbach","Amberg-Sulzbach","Amberg-Sulzbach","Amberg, Sulzbach | Amberg-Sulzbach"
"BA","Bayern","Bamberg","BAmberg","BAmberg","Bamberg | BAmberg"
"BGD","Bayern","Berchtesgadener Land","Berchtesgaden","Berchtesgaden","Berchtesgadener Land | Berchtesgaden"
"BGL","Bayern","Berchtesgadener Land","Berchtesgadener Land","Berchtesgadener Land","Berchtesgadener Land"
"BOG","Bayern","Straubing-Bogen","Bogen","Bogen","Straubing-Bogen | Bogen"
"BRK","Bayern","Bad Kissingen","Bad Brückenau","Bad Brückenau","Bad Kissingen | Bad Brückenau"
"BT","Bayern","Bayreuth","BayreuTh","BayreuTh","Bayreuth | BayreuTh"
"BUL","Bayern","Amberg-Sulzbach","Burglengenfeld","Burglengenfeld","Amberg-Sulzbach | Burglengenfeld"
"BYL","Bayern","Bayern, Landesregierung und Landtag","BaYerischer Landtag","BaYerischer Landtag","Bayern, Landesregierung und Landtag | BaYerischer Landtag"
"CHA","Bayern","Cham","Cham","Cham","Cham"
"CO","Bayern","Coburg und Landkreis Coburg","COburg","COburg","Coburg und Landkreis Coburg | COburg"
"DAH","Bayern","Dachau","Dachau","Dachau","Dachau"
"DEG","Bayern","Deggendorf","Deggendorf","Deggendorf","Deggendorf"
"DGF","Bayern","Dingolfing-Landau","Dingolfing","Dingolfing","Dingolfing-Landau | Dingolfing"
"DKB","Bayern","Ansbach","Dinkelsbühl","Dinkelsbühl","Ansbach | Dinkelsbühl"
"DLG","Bayern","Dillingen an der Donau","Dillingen an der Donau","Dillingen an der Donau","Dillingen an der Donau"
"DON","Bayern","Donau-Ries","Donauwörth","Donauwörth","Donau-Ries | Donauwörth"
"EBE","Bayern","Ebersberg","Ebersberg","Ebersberg","Ebersberg"
"EBN","Bayern","Haßberge","Ebern","Ebern","Haßberge | Ebern"
"EBS","Bayern","Bayreuth","Ebermannstadt","Ebermannstadt","Bayreuth | Ebermannstadt"
"ED","Bayern","Erding","Erding","Erding","Erding"
"EG","Bayern","Rottal-Inn","Eggenfelden","Eggenfelden","Rottal-Inn | Eggenfelden"
"EI","Bayern","Eichstätt","Eichstätt","Eichstätt","Eichstätt"
"ER","Bayern","Erlangen","ERlangen","ERlangen","Erlangen | ERlangen"
"ERH","Bayern","Erlangen-Höchstadt","Erlangen","Erlangen","Erlangen-Höchstadt | Erlangen"
"ESB","Bayern","Amberg-Sulzbach","Eschenbach in der Oberpfalz","Eschenbach in der Oberpfalz","Amberg-Sulzbach | Eschenbach in der Oberpfalz"
"FDB","Bayern","Aichach-Friedberg","Friedberg","Friedberg","Aichach-Friedberg | Friedberg"
"FEU","Bayern","Ansbach","Feuchtwangen","Feuchtwangen","Ansbach | Feuchtwangen"
"FFB","Bayern","Fürstenfeldbruck","Fürstenfeldbruck","Fürstenfeldbruck","Fürstenfeldbruck"
"FO","Bayern","Forchheim","Forchheim","Forchheim","Forchheim"
"FRG","Bayern","Freyung-Grafenau","Freyung","Freyung","Freyung-Grafenau | Freyung"
"FS","Bayern","Freising","Freising","Freising","Freising"
"FÜ","Bayern","Fürth","FÜrth","FÜrth","Fürth | FÜrth"
"FÜS","Bayern","Ostallgäu","Füssen","Füssen","Ostallgäu | Füssen"
"GAP","Bayern","Garmisch-Partenkirchen","Garmisch-Partenkirchen","Garmisch-Partenkirchen","Garmisch-Partenkirchen"
"GEO","Bayern","Haßberge","Gerolzhofen","Gerolzhofen","Haßberge | Gerolzhofen"
"GRA","Bayern","Freyung-Grafenau","Grafenau","Grafenau","Freyung-Grafenau | Grafenau"
"GRI","Bayern","Rottal-Inn","Bad Griesbach im Rottal","Bad Griesbach im Rottal","Rottal-Inn | Bad Griesbach im Rottal"
"GUN","Bayern","Weißenburg-Gunzenhausen","Gunzenhausen","Gunzenhausen","Weißenburg-Gunzenhausen | Gunzenhausen"
"GZ","Bayern","Günzburg","Günzburg","Günzburg","Günzburg"
"HAB","Bayern","Bad Kissingen","Hammelburg","Hammelburg","Bad Kissingen | Hammelburg"
"HAS","Bayern","Haßberge","Haßfurt","Haßfurt","Haßberge | Haßfurt"
"HEB","Bayern","Nürnberger Land","Hersbruck","Hersbruck","Nürnberger Land | Hersbruck"
"HIP","Bayern","Roth","Hilpoltstein","Hilpoltstein","Roth | Hilpoltstein"
"HO","Bayern","Hof","HOf","HOf","Hof | HOf"
"HOH","Bayern","Haßberge","Hofheim in Unterfranken","Hofheim in Unterfranken","Haßberge | Hofheim in Unterfranken"
"HÖS","Bayern","Erlangen-Höchstadt","Höchstadt an der Aisch","Höchstadt an der Aisch","Erlangen-Höchstadt | Höchstadt an der Aisch"
"ILL","Bayern","Neu-Ulm","Illertissen","Illertissen","Neu-Ulm | Illertissen"
"IN","Bayern","Ingolstadt","INgolstadt","INgolstadt","Ingolstadt | INgolstadt"
"KC","Bayern","Kronach","Kronach","Kronach","Kronach"
"KE","Bayern","Kempten","KEmpten","KEmpten","Kempten | KEmpten"
"KEH","Bayern","Kelheim","Kelheim","Kelheim","Kelheim"
"KEM","Bayern","Bayreuth","Kemnath","Kemnath","Bayreuth | Kemnath"
"KF","Bayern","Kaufbeuren","KauFbeuren","KauFbeuren","Kaufbeuren | KauFbeuren"
"KG","Bayern","Bad Kissingen","Bad Kissingen","Bad Kissingen","Bad Kissingen"
"KÖN","Bayern","Rhön-Grabfeld","Bad Königshofen im Grabfeld","Bad Königshofen im Grabfeld","Rhön-Grabfeld | Bad Königshofen im Grabfeld"
"KÖZ","Bayern","Cham","Bad Kötzting","Bad Kötzting","Cham | Bad Kötzting"
"KRU","Bayern","Günzburg","Krumbach","Krumbach","Günzburg | Krumbach"
"KT","Bayern","Kitzingen","Kitzingen","Kitzingen","Kitzingen"
"KU","Bayern","Kulmbach","Kulmbach","Kulmbach","Kulmbach"
"LA","Bayern","Landshut","LAndshut","LAndshut","Landshut | LAndshut"
"LAN","Bayern","Dingolfing-Landau","Landau an der Isar","Landau an der Isar","Dingolfing-Landau | Landau an der Isar"
"LAU","Bayern","Nürnberger Land","Lauf an der Pegnitz","Lauf an der Pegnitz","Nürnberger Land | Lauf an der Pegnitz"
"LF","Bayern","Altötting","Laufen","Laufen","Altötting | Laufen"
"LI","Bayern","Lindau","Lindau","Lindau","Lindau"
"LIF","Bayern","Lichtenfels","Lichtenfels","Lichtenfels","Lichtenfels"
"LL","Bayern","Bayern","Landsberg am Lech","Landsberg am Lech","Bayern | Landsberg am Lech"
"M","Bayern","Bayern","München","München","Bayern | München"
"MAI","Bayern","Kelheim","Mainburg","Mainburg","Kelheim | Mainburg"
"MAK","Bayern","Wunsiedel im Fichtelgebirge","Marktredwitz","Marktredwitz","Wunsiedel im Fichtelgebirge | Marktredwitz"
"MAL","Bayern","Landshut","Mallersdorf-Pfaffenberg","Mallersdorf-Pfaffenberg","Landshut | Mallersdorf-Pfaffenberg"
"MB","Bayern","Miesbach","Miesbach","Miesbach","Miesbach"
"MET","Bayern","Rhön-Grabfeld","Mellrichstadt","Mellrichstadt","Rhön-Grabfeld | Mellrichstadt"
"MIL","Bayern","Miltenberg","Miltenberg","Miltenberg","Miltenberg"
"MM","Bayern","Memmingen","MemMingen","MemMingen","Memmingen | MemMingen"
"MN","Bayern","Unterallgäu","Mindelheim","Mindelheim","Unterallgäu | Mindelheim"
"MOD","Bayern","Ostallgäu","Marktoberdorf","Marktoberdorf","Ostallgäu | Marktoberdorf"
"MSP","Bayern","Main-Spessart","Main","Main","Main-Spessart | Main"
"MU","Bayern","München","Münchner Umland","Münchner Umland","München | Münchner Umland"
"MUC","Bayern","München","MUenChen","MUenChen","München | MUenChen"
"MÜ","Bayern","Mühldorf am Inn","Mühldorf am Inn","Mühldorf am Inn","Mühldorf am Inn"
"MÜB","Bayern","Bayreuth","Münchberg","Münchberg","Bayreuth | Münchberg"
"N","Bayern","Bayern","Nürnberg","Nürnberg","Bayern | Nürnberg"
"NAB","Bayern","Amberg-Sulzbach","Nabburg","Nabburg","Amberg-Sulzbach | Nabburg"
"NAI","Bayern","Hof","Naila","Naila","Hof | Naila"
"ND","Bayern","Neuburg-Schrobenhausen","Neuburg an der Donau","Neuburg an der Donau","Neuburg-Schrobenhausen | Neuburg an der Donau"
"NEA","Bayern","Neustadt an der Aisch-Bad Windsheim","Neustadt an der Aisch","Neustadt an der Aisch","Neustadt an der Aisch-Bad Windsheim | Neustadt an der Aisch"
"NEC","Bayern","Coburg und Landkreis Coburg","Neustadt bei Coburg","Neustadt bei Coburg","Coburg und Landkreis Coburg | Neustadt bei Coburg"
"NEN","Bayern","Schwandorf","Neunburg vorm Wald","Neunburg vorm Wald","Schwandorf | Neunburg vorm Wald"
"NES","Bayern","Rhön-Grabfeld","Bad Neustadt an der Saale","Bad Neustadt an der Saale","Rhön-Grabfeld | Bad Neustadt an der Saale"
"NEW","Bayern","Neustadt an der Waldnaab","Neustadt an der Waldnaab","Neustadt an der Waldnaab","Neustadt an der Waldnaab"
"NM","Bayern","Neumarkt in der Oberpfalz","Neumarkt in der Oberpfalz","Neumarkt in der Oberpfalz","Neumarkt in der Oberpfalz"
"NÖ","Bayern","Donau-Ries","Nördlingen","Nördlingen","Donau-Ries | Nördlingen"
"NU","Bayern","Bayern","Neu-Ulm","Neu-Ulm","Bayern | Neu-Ulm"
"OA","Bayern","Oberallgäu","OberAllgäu","OberAllgäu","Oberallgäu | OberAllgäu"
"OAL","Bayern","Ostallgäu","OstALlgäu","OstALlgäu","Ostallgäu | OstALlgäu"
"OBB","Bayern","Miltenberg","Obernburg am Main","Obernburg am Main","Miltenberg | Obernburg am Main"
"OCH","Bayern","Würzburg","Ochsenfurt","Ochsenfurt","Würzburg | Ochsenfurt"
"OVI","Bayern","Schwandorf","Oberviechtach","Oberviechtach","Schwandorf | Oberviechtach"
"PA","Bayern","Passau","PAssau","PAssau","Passau | PAssau"
"PAF","Bayern","Pfaffenhofen an der Ilm","Pfaffenhofen an der Ilm","Pfaffenhofen an der Ilm","Pfaffenhofen an der Ilm"
"PAN","Bayern","Rottal-Inn","Pfarrkirchen","Pfarrkirchen","Rottal-Inn | Pfarrkirchen"
"PAR","Bayern","Kelheim","Parsberg","Parsberg","Kelheim | Parsberg"
"PEG","Bayern","Bayreuth","Pegnitz","Pegnitz","Bayreuth | Pegnitz"
"R","Bayern","Bayern","Regensburg","Regensburg","Bayern | Regensburg"
"REG","Bayern","Regen","Regen","Regen","Regen"
"REH","Bayern","Hof","Rehau","Rehau","Hof | Rehau"
"REI","Bayern","Berchtesgadener Land","Bad Reichenhall","Bad Reichenhall","Berchtesgadener Land | Bad Reichenhall"
"RH","Bayern","Roth","Roth","Roth","Roth"
"RID","Bayern","Kelheim","Riedenburg","Riedenburg","Kelheim | Riedenburg"
"RO","Bayern","Rosenheim","ROsenheim","ROsenheim","Rosenheim | ROsenheim"
"ROD","Bayern","Cham","Roding","Roding","Cham | Roding"
"ROL","Bayern","Kelheim","Rottenburg an der Laaber","Rottenburg an der Laaber","Kelheim | Rottenburg an der Laaber"
"ROT","Bayern","Ansbach","Rothenburg ob der Tauber","Rothenburg ob der Tauber","Ansbach | Rothenburg ob der Tauber"
"SAD","Bayern","Schwandorf","Schwandorf","Schwandorf","Schwandorf"
"SAN","Bayern","Hof","Stadtsteinach","Stadtsteinach","Hof | Stadtsteinach"
"SC","Bayern","Schwabach","SChwabach","SChwabach","Schwabach | SChwabach"
"SEF","Bayern","Neustadt an der Aisch-Bad Windsheim","Scheinfeld","Scheinfeld","Neustadt an der Aisch-Bad Windsheim | Scheinfeld"
"SEL","Bayern","Wunsiedel im Fichtelgebirge","Selb","Selb","Wunsiedel im Fichtelgebirge | Selb"
"SMÜ","Bayern","Augsburg","Schwabmünchen","Schwabmünchen","Augsburg | Schwabmünchen"
"SOB","Bayern","Neuburg-Schrobenhausen","Schrobenhausen","Schrobenhausen","Neuburg-Schrobenhausen | Schrobenhausen"
"SOG","Bayern","Weilheim-Schongau","Schongau","Schongau","Weilheim-Schongau | Schongau"
"SR","Bayern","Straubing-Bogen","StRaubing","StRaubing","Straubing-Bogen | StRaubing"
"STA","Bayern","Starnberg","Starnberg","Starnberg","Starnberg"
"STE","Bayern","Lichtenfels","Bad Staffelstein","Bad Staffelstein","Lichtenfels | Bad Staffelstein"
"SUL","Bayern","Amberg-Sulzbach","Sulzbach-Rosenberg","Sulzbach-Rosenberg","Amberg-Sulzbach | Sulzbach-Rosenberg"
"SW","Bayern","Schweinfurt","SchWeinfurt","SchWeinfurt","Schweinfurt | SchWeinfurt"
"TIR","Bayern","Tirschenreuth","Tirschenreuth","Tirschenreuth","Tirschenreuth"
"TÖL","Bayern","Bad Tölz-Wolfratshausen","Bad Tölz","Bad Tölz","Bad Tölz-Wolfratshausen | Bad Tölz"
"TS","Bayern","Traunstein","Traunstein","Traunstein","Traunstein"
"UFF","Bayern","Neustadt an der Aisch-Bad Windsheim","Uffenheim","Uffenheim","Neustadt an der Aisch-Bad Windsheim | Uffenheim"
"VIB","Bayern","Landshut","Vilsbiburg","Vilsbiburg","Landshut | Vilsbiburg"
"VIT","Bayern","Regen","Viechtach","Viechtach","Regen | Viechtach"
"VOH","Bayern","Neustadt an der Waldnaab","Vohenstrauß","Vohenstrauß","Neustadt an der Waldnaab | Vohenstrauß"
"WEN","Bayern","Weiden in der Oberpfalz","WEideN","WEideN","Weiden in der Oberpfalz | WEideN"
"WER","Bayern","Augsburg","Wertingen","Wertingen","Augsburg | Wertingen"
"WM","Bayern","Weilheim-Schongau","Weilheim in Oberbayern","Weilheim in Oberbayern","Weilheim-Schongau | Weilheim in Oberbayern"
"WOR","Bayern","Bad Tölz-Wolfratshausen","Wolfratshausen","Wolfratshausen","Bad Tölz-Wolfratshausen | Wolfratshausen"
"WOS","Bayern","Freyung-Grafenau","Schloss Wolfstein","Schloss Wolfstein","Freyung-Grafenau | Schloss Wolfstein"
"WS","Bayern","Mühldorf a.Inn","Wasserburg am Inn","Wasserburg am Inn","Mühldorf a.Inn | Wasserburg am Inn"
"WÜ","Bayern","Würzburg","WÜrzburg","WÜrzburg","Würzburg | WÜrzburg"
"WUG","Bayern","Weißenburg-Gunzenhausen","Weißenburg in Bayern","Weißenburg in Bayern","Weißenburg-Gunzenhausen | Weißenburg in Bayern"
"WÜM","Bayern","Cham","Cham","Cham","Cham | WaldMÜnchen"
"WUN","Bayern","Wunsiedel im Fichtelgebirge","Wunsiedel","Wunsiedel","Wunsiedel im Fichtelgebirge | Wunsiedel"
"B","Berlin","Berlin","Berlin","Berlin","Berlin"
"ANG","Brandenburg","Uckermark","Angermünde","Angermünde","Uckermark | Angermünde"
"BAR","Brandenburg","Barnim","Barnim","Barnim","Barnim"
"BBL","Brandenburg","Brandenburg, Landesregierung, Landtag und Polizei","BrandenBurgische Landesregierung","BrandenBurgische Landesregierung","Brandenburg, Landesregierung, Landtag und Polizei | BrandenBurgische Landesregierung"
"BEL","Brandenburg","Potsdam-Mittelmark","Bad Belzig","Bad Belzig","Potsdam-Mittelmark | Bad Belzig"
"BER","Brandenburg","Barnim","Bernau bei Berlin","Bernau bei Berlin","Barnim | Bernau bei Berlin"
"BRB","Brandenburg","Brandenburg an der Havel","BRandenBurg","BRandenBurg","Brandenburg an der Havel | BRandenBurg"
"BSK","Brandenburg","Oder-Spree","Beeskow","Beeskow","Oder-Spree | Beeskow"
"CA","Brandenburg","Oberspreewald-Lausitz","Calau","Calau","Oberspreewald-Lausitz | Calau"
"CB","Brandenburg","Cottbus","CottBus","CottBus","Cottbus | CottBus"
"EE","Brandenburg","Elbe, Elster","Elbe-Elster","Elbe-Elster","Elbe, Elster | Elbe-Elster"
"EH","Brandenburg","Oder-Spree","Eisenhüttenstadt","Eisenhüttenstadt","Oder-Spree | Eisenhüttenstadt"
"EW","Brandenburg","Barnim","Eberswalde","Eberswalde","Barnim | Eberswalde"
"FF","Brandenburg","Frankfurt","FrankFurt","FrankFurt","Frankfurt | FrankFurt"
"FI","Brandenburg","Elbe-Elster","Finsterwalde","Finsterwalde","Elbe-Elster | Finsterwalde"
"FOR","Brandenburg","Spree-Neiße","Forst","Forst","Spree-Neiße | Forst"
"FRW","Brandenburg","Märkisch-Oderland","Bad Freienwalde","Bad Freienwalde","Märkisch-Oderland | Bad Freienwalde"
"FW","Brandenburg","Oder-Spree","Fürstenwalde/Spree","Fürstenwalde/Spree","Oder-Spree | Fürstenwalde/Spree"
"GUB","Brandenburg","Spree-Neiße","Guben","Guben","Spree-Neiße | Guben"
"HVL","Brandenburg","Havelland","Havelland","Havelland","Havelland"
"JB","Brandenburg","Teltow-Fläming","Jüterbog","Jüterbog","Teltow-Fläming | Jüterbog"
"KW","Brandenburg","Dahme-Spreewald","Königs Wusterhausen","Königs Wusterhausen","Dahme-Spreewald | Königs Wusterhausen"
"KY","Brandenburg","Ostprignitz-Ruppin","Kyritz","Kyritz","Ostprignitz-Ruppin | Kyritz"
"LC","Brandenburg","Dahme-Spreewald","Luckau","Luckau","Dahme-Spreewald | Luckau"
"LDS","Brandenburg","Brandenburg","Dahme-Spreewald","Dahme-Spreewald","Brandenburg | Dahme-Spreewald"
"LIB","Brandenburg","Elbe-Elster","Bad Liebenwerda","Bad Liebenwerda","Elbe-Elster | Bad Liebenwerda"
"LN","Brandenburg","Dahme-Spreewald","Lübben","Lübben","Dahme-Spreewald | Lübben"
"LOS","Brandenburg","Brandenburg","Oder-Spree","Oder-Spree","Brandenburg | Oder-Spree"
"LUK","Brandenburg","Teltow-Fläming","Luckenwalde","Luckenwalde","Teltow-Fläming | Luckenwalde"
"MOL","Brandenburg","Märkisch-OderLand","Märkisch-Oderland","Märkisch-Oderland","Märkisch-OderLand | Märkisch-Oderland"
"NAU","Brandenburg","Havelland","Nauen","Nauen","Havelland | Nauen"
"NP","Brandenburg","Ostprignitz-Ruppin","Neuruppin","Neuruppin","Ostprignitz-Ruppin | Neuruppin"
"OHV","Brandenburg","Oberhavel","Havel","Havel","Oberhavel | Havel"
"OPR","Brandenburg","Ostprignitz-Ruppin","Prignitz","Prignitz","Ostprignitz-Ruppin | Prignitz"
"OSL","Brandenburg","Oberspreewald-Lausitz","Spreewald","Spreewald","Oberspreewald-Lausitz | Spreewald"
"P","Brandenburg","Brandenburg","Potsdam","Potsdam","Brandenburg | Potsdam"
"PM","Brandenburg","Potsdam, Mittelmark","Potsdam-Mittelmark","Potsdam-Mittelmark","Potsdam, Mittelmark | Potsdam-Mittelmark"
"PR","Brandenburg","Prignitz","Prignitz","Prignitz","Prignitz"
"PZ","Brandenburg","Uckermark","Prenzlau","Prenzlau","Uckermark | Prenzlau"
"RN","Brandenburg","Havelland","Rathenow","Rathenow","Havelland | Rathenow"
"SDT","Brandenburg","Uckermark","Schwedt/Oder","Schwedt/Oder","Uckermark | Schwedt/Oder"
"SEE","Brandenburg","Märkisch-Oderland","Seelow","Seelow","Märkisch-Oderland | Seelow"
"SFB","Brandenburg","Oberspreewald-Lausitz","Senftenberg","Senftenberg","Oberspreewald-Lausitz | Senftenberg"
"SPB","Brandenburg","Spree-Neiße","Spremberg","Spremberg","Spree-Neiße | Spremberg"
"SPN","Brandenburg","Spree-Neiße","Spree","Spree","Spree-Neiße | Spree"
"SRB","Brandenburg","Märkisch-Oderland","Strausberg","Strausberg","Märkisch-Oderland | Strausberg"
"TF","Brandenburg","Teltow, Fläming","Teltow-Fläming","Teltow-Fläming","Teltow, Fläming | Teltow-Fläming"
"TP","Brandenburg","Uckermark","Templin","Templin","Uckermark | Templin"
"UM","Brandenburg","Uckermark","Uckermark","Uckermark","Uckermark"
"WK","Brandenburg","Ostprignitz-Ruppin","Wittstock/Dosse","Wittstock/Dosse","Ostprignitz-Ruppin | Wittstock/Dosse"
"ZS","Brandenburg","Teltow-Fläming","Zossen","Zossen","Teltow-Fläming | Zossen"
"HB","Bremen","Bremen, Senat und Bürgerschaft","Hansestadt","Hansestadt","Bremen, Senat und Bürgerschaft | Hansestadt"
"HH","Hamburg","Freie und Hansestadt Hamburg, Senat und Bürgerschaft","Hansestadt","Hansestadt","Freie und Hansestadt Hamburg, Senat und Bürgerschaft | Hansestadt"
"BID","Hessen","Marburg-Biedenkopf","Biedenkopf","Biedenkopf","Marburg-Biedenkopf | Biedenkopf"
"BÜD","Hessen","Wetteraukreis","Büdingen","Büdingen","Wetteraukreis | Büdingen"
"DA","Hessen","Darmstadt-Dieburg und Stadt Darmstadt","DArmstadt","DArmstadt","Darmstadt-Dieburg und Stadt Darmstadt | DArmstadt"
"DI","Hessen","Darmstadt-Dieburg","Dieburg","Dieburg","Darmstadt-Dieburg | Dieburg"
"DIL","Hessen","Lahn-Dill-Kreis","Dillenburg","Dillenburg","Lahn-Dill-Kreis | Dillenburg"
"ERB","Hessen","Odenwaldkreis","Erbach","Erbach","Odenwaldkreis | Erbach"
"ESW","Hessen","Werra-Meißner-Kreis","Eschwege","Eschwege","Werra-Meißner-Kreis | Eschwege"
"F","Hessen","Frankfurt","Frankfurt am Main","Frankfurt am Main","Frankfurt | Frankfurt am Main"
"FB","Hessen","Wetteraukreis","Friedberg","Friedberg","Wetteraukreis | Friedberg"
"FD","Hessen","Fulda","Fulda","Fulda","Fulda"
"FKB","Hessen","Waldeck-Frankenberg","Frankenberg","Frankenberg","Waldeck-Frankenberg | Frankenberg"
"FZ","Hessen","Schwalm-Eder-Kreis","Fritzlar","Fritzlar","Schwalm-Eder-Kreis | Fritzlar"
"GG","Hessen","Hessen","Groß-Gerau","Groß-Gerau","Hessen | Groß-Gerau"
"GI","Hessen","Gießen","Gießen","Gießen","Gießen"
"GN","Hessen","Main-Kinzig-Kreis","Gelnhausen","Gelnhausen","Main-Kinzig-Kreis | Gelnhausen"
"HEF","Hessen","Hersfeld-Rotenburg","Bad Hersfeld","Bad Hersfeld","Hersfeld-Rotenburg | Bad Hersfeld"
"HEL","Hessen","Hessen, Landesregierung und Landtag","HEssischer Landtag","HEssischer Landtag","Hessen, Landesregierung und Landtag | HEssischer Landtag"
"HG","Hessen","Hochtaunuskreis","Bad Homburg vor der Höhe","Bad Homburg vor der Höhe","Hochtaunuskreis | Bad Homburg vor der Höhe"
"HOG","Hessen","Kassel","Hofgeismar","Hofgeismar","Kassel | Hofgeismar"
"HP","Hessen","Bergstraße","Heppenheim","Heppenheim","Bergstraße | Heppenheim"
"HR","Hessen","Schwalm-Eder-Kreis","Homberg","Homberg","Schwalm-Eder-Kreis | Homberg"
"HU","Hessen","Hanau","HanaU","HanaU","Hanau | HanaU"
"KB","Hessen","Waldeck-Frankenberg","Korbach","Korbach","Waldeck-Frankenberg | Korbach"
"KS","Hessen","KasSel","Kassel","Kassel","KasSel | Kassel"
"LDK","Hessen","Hessen","Lahn-Dill-Kreis","Lahn-Dill-Kreis","Hessen | Lahn-Dill-Kreis"
"LM","Hessen","Limburg-Weilburg","Limburg an der Lahn","Limburg an der Lahn","Limburg-Weilburg | Limburg an der Lahn"
"MEG","Hessen","Schwalm-Eder-Kreis","Melsungen","Melsungen","Schwalm-Eder-Kreis | Melsungen"
"MKK","Hessen","Hessen","Main-Kinzig-Kreis","Main-Kinzig-Kreis","Hessen | Main-Kinzig-Kreis"
"MR","Hessen","Marburg-Biedenkopf","Marburg","Marburg","Marburg-Biedenkopf | Marburg"
"MTK","Hessen","Hessen","Main-Taunus-Kreis","Main-Taunus-Kreis","Hessen | Main-Taunus-Kreis"
"OF","Hessen","Offenbach und Stadt Offenbach am Main","OFfenbach","OFfenbach","Offenbach und Stadt Offenbach am Main | OFfenbach"
"ROF","Hessen","Hersfeld-Rotenburg","Rotenburg an der Fulda","Rotenburg an der Fulda","Hersfeld-Rotenburg | Rotenburg an der Fulda"
"RÜD","Hessen","Rheingau-Taunus-Kreis","Rüdesheim am Rhein","Rüdesheim am Rhein","Rheingau-Taunus-Kreis | Rüdesheim am Rhein"
"SLÜ","Hessen","Main-Kinzig-Kreis","Schlüchtern","Schlüchtern","Main-Kinzig-Kreis | Schlüchtern"
"SWA","Hessen","Rheingau-Taunus-Kreis","Bad Schwalbach","Bad Schwalbach","Rheingau-Taunus-Kreis | Bad Schwalbach"
"USI","Hessen","Hochtaunuskreis","Usingen","Usingen","Hochtaunuskreis | Usingen"
"VB","Hessen","Vogelsbergkreis","Vogelsberg","Vogelsberg","Vogelsbergkreis | Vogelsberg"
"WA","Hessen","Waldeck-Frankenberg","Waldeck","Waldeck","Waldeck-Frankenberg | Waldeck"
"WEL","Hessen","Limburg-Weilburg","Weilburg","Weilburg","Limburg-Weilburg | Weilburg"
"WI","Hessen","Wiesbaden","WIesbaden","WIesbaden","Wiesbaden | WIesbaden"
"WIZ","Hessen","Werra-Meißner-Kreis","Witzenhausen","Witzenhausen","Werra-Meißner-Kreis | Witzenhausen"
"WOH","Hessen","Kassel","Wolfhagen","Wolfhagen","Kassel | Wolfhagen"
"WZ","Hessen","Lahn-Dill-Kreis","Wetzlar","Wetzlar","Lahn-Dill-Kreis | Wetzlar"
"ZIG","Hessen","Schwalm-Eder-Kreis","Ziegenhain","Ziegenhain","Schwalm-Eder-Kreis | Ziegenhain"
"ANK","Mecklenburg-Vorpommern","Vorpommern-Greifswald ohne die Stadt Greifswald","Anklam","Anklam","Vorpommern-Greifswald ohne die Stadt Greifswald | Anklam"
"AT","Mecklenburg-Vorpommern","Vorpommern-Greifswald ohne die Stadt Greifswald","Altentreptow","Altentreptow","Vorpommern-Greifswald ohne die Stadt Greifswald | Altentreptow"
"BÜZ","Mecklenburg-Vorpommern","Rostock","Bützow","Bützow","Rostock | Bützow"
"DBR","Mecklenburg-Vorpommern","Rostock","Bad Doberan","Bad Doberan","Rostock | Bad Doberan"
"DM","Mecklenburg-Vorpommern","Mecklenburgische Seenplatte ohne die Stadt Neubrandenburg","Demmin","Demmin","Mecklenburgische Seenplatte ohne die Stadt Neubrandenburg | Demmin"
"GDB","Mecklenburg-Vorpommern","Nordwestmecklenburg ohne die Stadt Wismar","Gadebusch","Gadebusch","Nordwestmecklenburg ohne die Stadt Wismar | Gadebusch"
"GMN","Mecklenburg-Vorpommern","Vorpommern-Rügen ohne die Stadt Stralsund","Grimmen","Grimmen","Vorpommern-Rügen ohne die Stadt Stralsund | Grimmen"
"GÜ","Mecklenburg-Vorpommern","Rostock","Güstrow","Güstrow","Rostock | Güstrow"
"GVM","Mecklenburg-Vorpommern","Nordwestmecklenburg ohne die Stadt Wismar","Grevesmühlen","Grevesmühlen","Nordwestmecklenburg ohne die Stadt Wismar | Grevesmühlen"
"GW","Mecklenburg-Vorpommern","Vorpommern-Greifswald ohne die Stadt Greifswald","GreifsWald","GreifsWald","Vorpommern-Greifswald ohne die Stadt Greifswald | GreifsWald"
"HGN","Mecklenburg-Vorpommern","Ludwigslust-Parchim","Hagenow","Hagenow","Ludwigslust-Parchim | Hagenow"
"HGW","Mecklenburg-Vorpommern","Greifswald","Hansestadt","Hansestadt","Greifswald | Hansestadt"
"HRO","Mecklenburg-Vorpommern","Rostock","Hansestadt","Hansestadt","Rostock | Hansestadt"
"HST","Mecklenburg-Vorpommern","Stralsund","Hansestadt","Hansestadt","Stralsund | Hansestadt"
"HWI","Mecklenburg-Vorpommern","Wismar","Hansestadt","Hansestadt","Wismar | Hansestadt"
"LBZ","Mecklenburg-Vorpommern","Ludwigslust-Parchim","Lübz","Lübz","Ludwigslust-Parchim | Lübz"
"LRO","Mecklenburg-Vorpommern","Rostock","Landkreis","Landkreis","Rostock | Landkreis"
"LUP","Mecklenburg-Vorpommern","Ludwigslust-Parchim","Ludwigslust","Ludwigslust","Ludwigslust-Parchim | Ludwigslust"
"LWL","Mecklenburg-Vorpommern","Ludwigslust-Parchim","Ludwigslust","Ludwigslust","Ludwigslust-Parchim | Ludwigslust"
"MC","Mecklenburg-Vorpommern","Mecklenburgische Seenplatte ohne die Stadt Neubrandenburg","Malchin","Malchin","Mecklenburgische Seenplatte ohne die Stadt Neubrandenburg | Malchin"
"MSE","Mecklenburg-Vorpommern","Mecklenburgische Seenplatte ohne die Stadt Neubrandenburg","Mecklenburgische Seenplatte","Mecklenburgische Seenplatte","Mecklenburgische Seenplatte ohne die Stadt Neubrandenburg | Mecklenburgische Seenplatte"
"MST","Mecklenburg-Vorpommern","Mecklenburgische Seenplatte ohne die Stadt Neubrandenburg","Mecklenburg-Strelitz","Mecklenburg-Strelitz","Mecklenburgische Seenplatte ohne die Stadt Neubrandenburg | Mecklenburg-Strelitz"
"MÜR","Mecklenburg-Vorpommern","Mecklenburgische Seenplatte ohne die Stadt Neubrandenburg","Müritz","Müritz","Mecklenburgische Seenplatte ohne die Stadt Neubrandenburg | Müritz"
"MVL","Mecklenburg-Vorpommern","Mecklenburg-Vorpommern, Landesregierung, Landtag und Polizei","Mecklenburg-Vorpommerscher Landtag","Mecklenburg-Vorpommerscher Landtag","Mecklenburg-Vorpommern, Landesregierung, Landtag und Polizei | Mecklenburg-Vorpommerscher Landtag"
"NB","Mecklenburg-Vorpommern","Neubrandenburg","NeuBrandenburg","NeuBrandenburg","Neubrandenburg | NeuBrandenburg"
"NVP","Mecklenburg-Vorpommern","Vorpommern-Rügen ohne die Stadt Stralsund","Vorpommern","Vorpommern","Vorpommern-Rügen ohne die Stadt Stralsund | Vorpommern"
"NWM","Mecklenburg-Vorpommern","Nordwestmecklenburg ohne die Stadt Wismar","Mecklenburg","Mecklenburg","Nordwestmecklenburg ohne die Stadt Wismar | Mecklenburg"
"NZ","Mecklenburg-Vorpommern","Mecklenburgische Seenplatte ohne die Stadt Neubrandenburg","Neustrelitz","Neustrelitz","Mecklenburgische Seenplatte ohne die Stadt Neubrandenburg | Neustrelitz"
"PCH","Mecklenburg-Vorpommern","Ludwigslust-Parchim","Parchim","Parchim","Ludwigslust-Parchim | Parchim"
"PW","Mecklenburg-Vorpommern","Vorpommern-Greifswald ohne die Stadt Greifswald","Pasewalk","Pasewalk","Vorpommern-Greifswald ohne die Stadt Greifswald | Pasewalk"
"RDG","Mecklenburg-Vorpommern","Vorpommern-Rügen ohne die Stadt Stralsund","Ribnitz-Damgarten","Ribnitz-Damgarten","Vorpommern-Rügen ohne die Stadt Stralsund | Ribnitz-Damgarten"
"RM","Mecklenburg-Vorpommern","Mecklenburgische Seenplatte ohne die Stadt Neubrandenburg","Röbel/Müritz","Röbel/Müritz","Mecklenburgische Seenplatte ohne die Stadt Neubrandenburg | Röbel/Müritz"
"ROS","Mecklenburg-Vorpommern","Rostock","Rostock","Rostock","Rostock"
"RÜG","Mecklenburg-Vorpommern","Vorpommern-Rügen ohne die Stadt Stralsund","Rügen","Rügen","Vorpommern-Rügen ohne die Stadt Stralsund | Rügen"
"SBG","Mecklenburg-Vorpommern","Vorpommern-Greifswald ohne die Stadt Greifswald","Strasburg","Strasburg","Vorpommern-Greifswald ohne die Stadt Greifswald | Strasburg"
"SN","Mecklenburg-Vorpommern","Schwerin","SchweriN","SchweriN","Schwerin | SchweriN"
"STB","Mecklenburg-Vorpommern","Ludwigslust-Parchim","Sternberg","Sternberg","Ludwigslust-Parchim | Sternberg"
"TET","Mecklenburg-Vorpommern","Rostock","Teterow","Teterow","Rostock | Teterow"
"UEM","Mecklenburg-Vorpommern","Vorpommern-Greifswald ohne die Stadt Greifswald","Ueckermünde","Ueckermünde","Vorpommern-Greifswald ohne die Stadt Greifswald | Ueckermünde"
"VG","Mecklenburg-Vorpommern","Mecklenburg-Vorpommern","Vorpommern-Greifswald","Vorpommern-Greifswald","Mecklenburg-Vorpommern | Vorpommern-Greifswald"
"VR","Mecklenburg-Vorpommern","Mecklenburg-Vorpommern","Vorpommern-Rügen","Vorpommern-Rügen","Mecklenburg-Vorpommern | Vorpommern-Rügen"
"WIS","Mecklenburg-Vorpommern","Nordwestmecklenburg ohne die Stadt Wismar","Wismar","Wismar","Nordwestmecklenburg ohne die Stadt Wismar | Wismar"
"WLG","Mecklenburg-Vorpommern","Vorpommern-Greifswald ohne die Stadt Greifswald","Wolgast","Wolgast","Vorpommern-Greifswald ohne die Stadt Greifswald | Wolgast"
"WRN","Mecklenburg-Vorpommern","Mecklenburgische Seenplatte ohne die Stadt Neubrandenburg","Waren","Waren","Mecklenburgische Seenplatte ohne die Stadt Neubrandenburg | Waren"
"ALF","Niedersachsen","Hildesheim","Alfeld","Alfeld","Hildesheim | Alfeld"
"AUR","Niedersachsen","Aurich","Aurich","Aurich","Aurich"
"BRA","Niedersachsen","Wesermarsch","Brake","Brake","Wesermarsch | Brake"
"BRL","Niedersachsen","Goslar","Braunlage","Braunlage","Goslar | Braunlage"
"BRV","Niedersachsen","Rotenburg","Bremervörde","Bremervörde","Rotenburg | Bremervörde"
"BS","Niedersachsen","BraunSchweig","Braunschweig","Braunschweig","BraunSchweig | Braunschweig"
"BSB","Niedersachsen","Osnabrück","Bersenbrück","Bersenbrück","Osnabrück | Bersenbrück"
"CE","Niedersachsen","Celle","Celle","Celle","Celle"
"CLP","Niedersachsen","Cloppenburg","Cloppenburg","Cloppenburg","Cloppenburg"
"CLZ","Niedersachsen","Goslar","Clausthal-Zellerfeld","Clausthal-Zellerfeld","Goslar | Clausthal-Zellerfeld"
"CUX","Niedersachsen","Cuxhaven","Cuxhaven","Cuxhaven","Cuxhaven"
"DAN","Niedersachsen","Lüchow-Dannenberg","Dannenberg","Dannenberg","Lüchow-Dannenberg | Dannenberg"
"DEL","Niedersachsen","Delmenhorst","DELmenhorst","DELmenhorst","Delmenhorst | DELmenhorst"
"DH","Niedersachsen","Diepholz","Diepholz","Diepholz","Diepholz"
"DUD","Niedersachsen","Göttingen ohne die Stadt Göttingen","Duderstadt","Duderstadt","Göttingen ohne die Stadt Göttingen | Duderstadt"
"EIN","Niedersachsen","Northeim","Einbeck","Einbeck","Northeim | Einbeck"
"EL","Niedersachsen","EmsLand","Emsland","Emsland","EmsLand | Emsland"
"EMD","Niedersachsen","Emden","EMDen","EMDen","Emden | EMDen"
"FRI","Niedersachsen","Friesland","Friesland","Friesland","Friesland"
"GAN","Niedersachsen","Northeim","Bad Gandersheim","Bad Gandersheim","Northeim | Bad Gandersheim"
"GF","Niedersachsen","Gifhorn","Gifhorn","Gifhorn","Gifhorn"
"GÖ","Niedersachsen","Göttingen","GÖttingen","GÖttingen","Göttingen | GÖttingen"
"GS","Niedersachsen","Goslar","Goslar","Goslar","Goslar"
"H","Niedersachsen","Hannover","Region Hannover","Region Hannover","Hannover | Region Hannover"
"HE","Niedersachsen","Helmstedt","Helmstedt","Helmstedt","Helmstedt"
"HI","Niedersachsen","Hildesheim","Hildesheim","Hildesheim","Hildesheim"
"HK","Niedersachsen","Heidekreis","Lüneburger Heide","Lüneburger Heide","Heidekreis | Lüneburger Heide"
"HM","Niedersachsen","Hameln-Pyrmont","Hameln","Hameln","Hameln-Pyrmont | Hameln"
"HMÜ","Niedersachsen","Göttingen ohne die Stadt Göttingen","Hann. Münden","Hann. Münden","Göttingen ohne die Stadt Göttingen | Hann. Münden"
"HOL","Niedersachsen","Holzminden","Holzminden","Holzminden","Holzminden"
"LER","Niedersachsen","Leer","Leer","Leer","Leer"
"LG","Niedersachsen","Lüneburg","Lüneburg","Lüneburg","Lüneburg"
"MEL","Niedersachsen","Osnabrück","Melle","Melle","Osnabrück | Melle"
"NI","Niedersachsen","Nienburg/Weser","Nienburg/Weser","Nienburg/Weser","Nienburg/Weser"
"NL","Niedersachsen","Niedersachsen, Landesregierung und Landtag","Niedersächsischer Landtag","Niedersächsischer Landtag","Niedersachsen, Landesregierung und Landtag | Niedersächsischer Landtag"
"NOH","Niedersachsen","Grafschaft Bentheim","Nordhorn","Nordhorn","Grafschaft Bentheim | Nordhorn"
"NOM","Niedersachsen","Northeim","Northeim","Northeim","Northeim"
"NOR","Niedersachsen","Aurich","Norden","Norden","Aurich | Norden"
"OHA","Niedersachsen","Göttingen ohne die Stadt Göttingen","Osterode am Harz","Osterode am Harz","Göttingen ohne die Stadt Göttingen | Osterode am Harz"
"OHZ","Niedersachsen","Osterholz","Osterholz-Scharmbeck","Osterholz-Scharmbeck","Osterholz | Osterholz-Scharmbeck"
"OL","Niedersachsen","Oldenburg","OLdenburg","OLdenburg","Oldenburg | OLdenburg"
"OS","Niedersachsen","OSnabrück","Osnabrück","Osnabrück","OSnabrück | Osnabrück"
"PE","Niedersachsen","Peine","Peine","Peine","Peine"
"RI","Niedersachsen","Schaumburg","Rinteln","Rinteln","Schaumburg | Rinteln"
"ROW","Niedersachsen","Rotenburg","Rotenburg","Rotenburg","Rotenburg"
"SHG","Niedersachsen","Schaumburg","Stadthagen","Stadthagen","Schaumburg | Stadthagen"
"STD","Niedersachsen","Stade","Stade","Stade","Stade"
"SY","Niedersachsen","Diepholz","Syke","Syke","Diepholz | Syke"
"SZ","Niedersachsen","Salzgitter","SalZgitter","SalZgitter","Salzgitter | SalZgitter"
"UE","Niedersachsen","Uelzen","Uelzen","Uelzen","Uelzen"
"VEC","Niedersachsen","Vechta","Vechta","Vechta","Vechta"
"VER","Niedersachsen","Verden","Verden","Verden","Verden"
"WF","Niedersachsen","Wolfenbüttel","Wolfenbüttel","Wolfenbüttel","Wolfenbüttel"
"WHV","Niedersachsen","Wilhelmshaven","WilhelmsHaVen","WilhelmsHaVen","Wilhelmshaven | WilhelmsHaVen"
"WL","Niedersachsen","Harburg","Winsen","Winsen","Harburg | Winsen"
"WOB","Niedersachsen","Wolfsburg","WOlfsBurg","WOlfsBurg","Wolfsburg | WOlfsBurg"
"WST","Niedersachsen","Ammerland","Westerstede","Westerstede","Ammerland | Westerstede"
"WTL","Niedersachsen","Osnabrück","Wittlage","Wittlage","Osnabrück | Wittlage"
"WTM","Niedersachsen","Wittmund","Wittmund","Wittmund","Wittmund"
"AC","Nordrhein-Westfalen","Städteregion Aachen","Aachen","Aachen","Städteregion Aachen | Aachen"
"AH","Nordrhein-Westfalen","Borken","Ahaus","Ahaus","Borken | Ahaus"
"BE","Nordrhein-Westfalen","Warendorf","Beckum","Beckum","Warendorf | Beckum"
"BF","Nordrhein-Westfalen","Steinfurt","Steinfurt#Burgsteinfurt","Steinfurt#Burgsteinfurt","Steinfurt | Steinfurt#Burgsteinfurt"
"BI","Nordrhein-Westfalen","Bielefeld","BIelefeld","BIelefeld","Bielefeld | BIelefeld"
"BLB","Nordrhein-Westfalen","Siegen-Wittgenstein","Bad Berleburg","Bad Berleburg","Siegen-Wittgenstein | Bad Berleburg"
"BM","Nordrhein-Westfalen","Rhein-Erft-Kreis","Bergheim","Bergheim","Rhein-Erft-Kreis | Bergheim"
"BN","Nordrhein-Westfalen","Bonn","BonN","BonN","Bonn | BonN"
"BO","Nordrhein-Westfalen","Bochum","BOchum","BOchum","Bochum | BOchum"
"BOH","Nordrhein-Westfalen","Borken","Bocholt","Bocholt","Borken | Bocholt"
"BOR","Nordrhein-Westfalen","Borken","Borken","Borken","Borken"
"BOT","Nordrhein-Westfalen","Bottrop","BOTtrop","BOTtrop","Bottrop | BOTtrop"
"BÜR","Nordrhein-Westfalen","Paderborn","Büren","Büren","Paderborn | Büren"
"CAS","Nordrhein-Westfalen","Recklinghausen","Castrop-Rauxel","Castrop-Rauxel","Recklinghausen | Castrop-Rauxel"
"COE","Nordrhein-Westfalen","Coesfeld","Coesfeld","Coesfeld","Coesfeld"
"D","Nordrhein-Westfalen","Nordrhein-Westfalen","Düsseldorf","Düsseldorf","Nordrhein-Westfalen | Düsseldorf"
"DIN","Nordrhein-Westfalen","Wesel","Dinslaken","Dinslaken","Wesel | Dinslaken"
"DN","Nordrhein-Westfalen","Düren","Düren","Düren","Düren"
"DO","Nordrhein-Westfalen","Dortmund","DOrtmund","DOrtmund","Dortmund | DOrtmund"
"DT","Nordrhein-Westfalen","Lippe","Detmold","Detmold","Lippe | Detmold"
"DU","Nordrhein-Westfalen","Duisburg","DUisburg","DUisburg","Duisburg | DUisburg"
"E","Nordrhein-Westfalen","Nordrhein-Westfalen","Essen","Essen","Nordrhein-Westfalen | Essen"
"EN","Nordrhein-Westfalen","Ennepe-Ruhr-Kreis","Ennepe","Ennepe","Ennepe-Ruhr-Kreis | Ennepe"
"ERK","Nordrhein-Westfalen","Heinsberg","Erkelenz","Erkelenz","Heinsberg | Erkelenz"
"EU","Nordrhein-Westfalen","Euskirchen","Euskirchen","Euskirchen","Euskirchen"
"GE","Nordrhein-Westfalen","Gelsenkirchen","GElsenkirchen","GElsenkirchen","Gelsenkirchen | GElsenkirchen"
"GEL","Nordrhein-Westfalen","Kleve","Geldern","Geldern","Kleve | Geldern"
"GK","Nordrhein-Westfalen","Heinsberg","Geilenkirchen","Geilenkirchen","Heinsberg | Geilenkirchen"
"GL","Nordrhein-Westfalen","Rheinisch-Bergischer Kreis","Bergisch Gladbach","Bergisch Gladbach","Rheinisch-Bergischer Kreis | Bergisch Gladbach"
"GLA","Nordrhein-Westfalen","Recklinghausen","Gladbeck","Gladbeck","Recklinghausen | Gladbeck"
"GM","Nordrhein-Westfalen","Oberbergischer Kreis","Gummersbach","Gummersbach","Oberbergischer Kreis | Gummersbach"
"GT","Nordrhein-Westfalen","Gütersloh","Gütersloh","Gütersloh","Gütersloh"
"GV","Nordrhein-Westfalen","Rhein-Kreis Neuss","Grevenbroich","Grevenbroich","Rhein-Kreis Neuss | Grevenbroich"
"HA","Nordrhein-Westfalen","Hagen","HAgen","HAgen","Hagen | HAgen"
"HAM","Nordrhein-Westfalen","Hamm","HAMm","HAMm","Hamm | HAMm"
"HER","Nordrhein-Westfalen","Herne","HERne","HERne","Herne | HERne"
"HF","Nordrhein-Westfalen","Herford","Herford","Herford","Herford"
"HS","Nordrhein-Westfalen","Heinsberg","Heinsberg","Heinsberg","Heinsberg"
"HSK","Nordrhein-Westfalen","Hochsauerlandkreis","HochSauerlandKreis","HochSauerlandKreis","Hochsauerlandkreis | HochSauerlandKreis"
"HX","Nordrhein-Westfalen","Höxter","Höxter","Höxter","Höxter"
"JÜL","Nordrhein-Westfalen","Düren","Jülich","Jülich","Düren | Jülich"
"K","Nordrhein-Westfalen","Nordrhein-Westfalen","Köln","Köln","Nordrhein-Westfalen | Köln"
"KK","Nordrhein-Westfalen","Viersen","Kempen","Kempen","Viersen | Kempen"
"KLE","Nordrhein-Westfalen","Kleve","Kleve","Kleve","Kleve"
"KR","Nordrhein-Westfalen","Krefeld","KRefeld","KRefeld","Krefeld | KRefeld"
"LE","Nordrhein-Westfalen","Lippe","Lemgo","Lemgo","Lippe | Lemgo"
"LEV","Nordrhein-Westfalen","Leverkusen","LEVerkusen","LEVerkusen","Leverkusen | LEVerkusen"
"LH","Nordrhein-Westfalen","Coesfeld","Lüdinghausen","Lüdinghausen","Coesfeld | Lüdinghausen"
"LIP","Nordrhein-Westfalen","Lippe","Lippe","Lippe","Lippe"
"LK","Nordrhein-Westfalen","LübbecKe","Minden-Lübbecke","Minden-Lübbecke","LübbecKe | Minden-Lübbecke"
"LP","Nordrhein-Westfalen","Soest","Lippstadt","Lippstadt","Soest | Lippstadt"
"LÜN","Nordrhein-Westfalen","Unna","Lünen","Lünen","Unna | Lünen"
"ME","Nordrhein-Westfalen","Mettmann","Mettmann","Mettmann","Mettmann"
"MG","Nordrhein-Westfalen","Mönchengladbach","MönchenGladbach","MönchenGladbach","Mönchengladbach | MönchenGladbach"
"MH","Nordrhein-Westfalen","Mülheim an der Ruhr","MülHeim","MülHeim","Mülheim an der Ruhr | MülHeim"
"MI","Nordrhein-Westfalen","Minden-Lübbecke","Minden","Minden","Minden-Lübbecke | Minden"
"MK","Nordrhein-Westfalen","Nordrhein-Westfalen","Märkischer Kreis","Märkischer Kreis","Nordrhein-Westfalen | Märkischer Kreis"
"MO","Nordrhein-Westfalen","Wesel","Moers","Moers","Wesel | Moers"
"MON","Nordrhein-Westfalen","Städteregion Aachen","Monschau","Monschau","Städteregion Aachen | Monschau"
"MS","Nordrhein-Westfalen","MünSter","Münster","Münster","MünSter | Münster"
"NE","Nordrhein-Westfalen","Rhein-Kreis Neuss","Neuss","Neuss","Rhein-Kreis Neuss | Neuss"
"NRW","Nordrhein-Westfalen","Nordrhein-Westfalen, Landesregierung, Landtag und Polizei","NordRhein-Westfalen","NordRhein-Westfalen","Nordrhein-Westfalen, Landesregierung, Landtag und Polizei | NordRhein-Westfalen"
"OB","Nordrhein-Westfalen","Oberhausen","OBerhausen","OBerhausen","Oberhausen | OBerhausen"
"OE","Nordrhein-Westfalen","Olpe","Olpe","Olpe","Olpe"
"OP","Nordrhein-Westfalen","Leverkusen","Opladen","Opladen","Leverkusen | Opladen"
"PB","Nordrhein-Westfalen","Paderborn","Paderborn","Paderborn","Paderborn"
"RE","Nordrhein-Westfalen","Recklinghausen","Recklinghausen","Recklinghausen","Recklinghausen"
"RS","Nordrhein-Westfalen","RemScheid","Remscheid","Remscheid","RemScheid | Remscheid"
"SG","Nordrhein-Westfalen","Solingen","SolinGen","SolinGen","Solingen | SolinGen"
"SI","Nordrhein-Westfalen","Siegen-Wittgenstein","Siegen","Siegen","Siegen-Wittgenstein | Siegen"
"SLE","Nordrhein-Westfalen","Düren","Schleiden","Schleiden","Düren | Schleiden"
"SO","Nordrhein-Westfalen","Soest","Soest","Soest","Soest"
"ST","Nordrhein-Westfalen","Steinfurt","Steinfurt","Steinfurt","Steinfurt"
"SU","Nordrhein-Westfalen","Rhein-Sieg-Kreis","Siegburg","Siegburg","Rhein-Sieg-Kreis | Siegburg"
"TE","Nordrhein-Westfalen","Steinfurt","Tecklenburg","Tecklenburg","Steinfurt | Tecklenburg"
"UN","Nordrhein-Westfalen","Unna","Unna","Unna","Unna"
"VIE","Nordrhein-Westfalen","Viersen","Viersen","Viersen","Viersen"
"W","Nordrhein-Westfalen","Nordrhein-Westfalen","Wuppertal","Wuppertal","Nordrhein-Westfalen | Wuppertal"
"WAF","Nordrhein-Westfalen","Warendorf","Warendorf","Warendorf","Warendorf"
"WAN","Nordrhein-Westfalen","Herne","Wanne","Wanne","Herne | Wanne"
"WAR","Nordrhein-Westfalen","Höxter","Warburg","Warburg","Höxter | Warburg"
"WAT","Nordrhein-Westfalen","Bochum","Wattenscheid","Wattenscheid","Bochum | Wattenscheid"
"WES","Nordrhein-Westfalen","Wesel","Wesel","Wesel","Wesel"
"WIT","Nordrhein-Westfalen","Ennepe-Ruhr-Kreis","Witten","Witten","Ennepe-Ruhr-Kreis | Witten"
"AK","Rheinland-Pfalz","Altenkirchen","Altenkirchen","Altenkirchen","Altenkirchen"
"AW","Rheinland-Pfalz","Ahrweiler","Ahrweiler","Ahrweiler","Ahrweiler"
"AZ","Rheinland-Pfalz","Alzey-Worms","Alzey","Alzey","Alzey-Worms | Alzey"
"BIN","Rheinland-Pfalz","Mainz-Bingen","Bingen am Rhein","Bingen am Rhein","Mainz-Bingen | Bingen am Rhein"
"BIR","Rheinland-Pfalz","Birkenfeld","Birkenfeld","Birkenfeld","Birkenfeld"
"BIT","Rheinland-Pfalz","Eifelkreis Bitburg-Prüm","Bitburg","Bitburg","Eifelkreis Bitburg-Prüm | Bitburg"
"BKS","Rheinland-Pfalz","Bernkastel-Wittlich","Bernkastel-Kues","Bernkastel-Kues","Bernkastel-Wittlich | Bernkastel-Kues"
"COC","Rheinland-Pfalz","Cochem-Zell","Cochem","Cochem","Cochem-Zell | Cochem"
"DAU","Rheinland-Pfalz","Vulkaneifel","Daun","Daun","Vulkaneifel | Daun"
"DIZ","Rheinland-Pfalz","Rhein-Lahn-Kreis","Diez","Diez","Rhein-Lahn-Kreis | Diez"
"DÜW","Rheinland-Pfalz","Bad Dürkheim","Bad Dürkheim","Bad Dürkheim","Bad Dürkheim"
"EMS","Rheinland-Pfalz","Rhein-Lahn-Kreis","Bad Ems","Bad Ems","Rhein-Lahn-Kreis | Bad Ems"
"FT","Rheinland-Pfalz","Frankenthal","FrankenThal","FrankenThal","Frankenthal | FrankenThal"
"GER","Rheinland-Pfalz","Germersheim","Germersheim","Germersheim","Germersheim"
"GOA","Rheinland-Pfalz","Rhein-Hunsrück-Kreis","Sankt Goar","Sankt Goar","Rhein-Hunsrück-Kreis | Sankt Goar"
"GOH","Rheinland-Pfalz","Rhein-Lahn-Kreis","Sankt Goarshausen","Sankt Goarshausen","Rhein-Lahn-Kreis | Sankt Goarshausen"
"KH","Rheinland-Pfalz","Bad Kreuznach","Bad Kreuznach","Bad Kreuznach","Bad Kreuznach"
"KIB","Rheinland-Pfalz","Donnersbergkreis","Kirchheimbolanden","Kirchheimbolanden","Donnersbergkreis | Kirchheimbolanden"
"KL","Rheinland-Pfalz","Kaiserslautern","KaisersLautern","KaisersLautern","Kaiserslautern | KaisersLautern"
"KO","Rheinland-Pfalz","Koblenz","KOblenz","KOblenz","Koblenz | KOblenz"
"KUS","Rheinland-Pfalz","Kusel","Kusel","Kusel","Kusel"
"LD","Rheinland-Pfalz","Landau in der Pfalz","LanDau","LanDau","Landau in der Pfalz | LanDau"
"LU","Rheinland-Pfalz","Ludwigshafen am Rhein","LUdwigshafen","LUdwigshafen","Ludwigshafen am Rhein | LUdwigshafen"
"MY","Rheinland-Pfalz","Mayen-Koblenz","Mayen","Mayen","Mayen-Koblenz | Mayen"
"MYK","Rheinland-Pfalz","Mayen-Koblenz","Mayen","Mayen","Mayen-Koblenz | Mayen"
"MZ","Rheinland-Pfalz","Mainz","MainZ","MainZ","Mainz | MainZ"
"NR","Rheinland-Pfalz","Neuwied","Neuwied","Neuwied","Neuwied"
"NW","Rheinland-Pfalz","Rheinland-Pfalz","Neustadt an der Weinstraße","Neustadt an der Weinstraße","Rheinland-Pfalz | Neustadt an der Weinstraße"
"PRÜ","Rheinland-Pfalz","Eifelkreis Bitburg-Prüm","Prüm","Prüm","Eifelkreis Bitburg-Prüm | Prüm"
"PS","Rheinland-Pfalz","PirmaSens","Pirmasens","Pirmasens","PirmaSens | Pirmasens"
"ROK","Rheinland-Pfalz","Donnersbergkreis","Rockenhausen","Rockenhausen","Donnersbergkreis | Rockenhausen"
"RP","Rheinland-Pfalz","Rhein-Pfalz","Rhein-Pfalz-Kreis","Rhein-Pfalz-Kreis","Rhein-Pfalz | Rhein-Pfalz-Kreis"
"RPL","Rheinland-Pfalz","Rheinland-Pfälzischer Landtag","Landesregierung von Rheinland-Pfalz","Landesregierung von Rheinland-Pfalz","Rheinland-Pfälzischer Landtag | Landesregierung von Rheinland-Pfalz"
"SAB","Rheinland-Pfalz","Trier-Saarburg","Saarburg","Saarburg","Trier-Saarburg | Saarburg"
"SIM","Rheinland-Pfalz","Rhein-Hunsrück-Kreis","Simmern/Hunsrück","Simmern/Hunsrück","Rhein-Hunsrück-Kreis | Simmern/Hunsrück"
"SP","Rheinland-Pfalz","Speyer","SPeyer","SPeyer","Speyer | SPeyer"
"SÜW","Rheinland-Pfalz","Südliche Weinstraße","Deutsche Weinstraße","Deutsche Weinstraße","Südliche Weinstraße | Deutsche Weinstraße"
"TR","Rheinland-Pfalz","Trier-Saarburg und Stadt Trier","TRier","TRier","Trier-Saarburg und Stadt Trier | TRier"
"WIL","Rheinland-Pfalz","Bernkastel-Wittlich","Wittlich","Wittlich","Bernkastel-Wittlich | Wittlich"
"WO","Rheinland-Pfalz","Worms","WOrms","WOrms","Worms | WOrms"
"WW","Rheinland-Pfalz","WesterWald","Westerwaldkreis","Westerwaldkreis","WesterWald | Westerwaldkreis"
"ZEL","Rheinland-Pfalz","Cochem-Zell","Zell","Zell","Cochem-Zell | Zell"
"ZW","Rheinland-Pfalz","Zweibrücken","ZWeibrücken","ZWeibrücken","Zweibrücken | ZWeibrücken"
"HOM","Saarland","Saarpfalz-Kreis ohne die Stadt St. Ingbert","Homburg","Homburg","Saarpfalz-Kreis ohne die Stadt St. Ingbert | Homburg"
"IGB","Saarland","St. Ingbert","InGBert","InGBert","St. Ingbert | InGBert"
"MZG","Saarland","Merzig-Wadern","Merzig","Merzig","Merzig-Wadern | Merzig"
"NK","Saarland","Neunkirchen","Neunkirchen","Neunkirchen","Neunkirchen"
"OTW","Saarland","Neunkirchen","Ottweiler","Ottweiler","Neunkirchen | Ottweiler"
"SAL","Saarland","Saarland, Landesregierung, Landtag und Polizei","Landtag des Saarlandes","Landtag des Saarlandes","Saarland, Landesregierung, Landtag und Polizei | Landtag des Saarlandes"
"SB","Saarland","Regionalverband Saarbrücken ohne die Stadt Völklingen","Saarbrücken","Saarbrücken","Regionalverband Saarbrücken ohne die Stadt Völklingen | Saarbrücken"
"SLS","Saarland","SaarLouiS","Saarlouis","Saarlouis","SaarLouiS | Saarlouis"
"VK","Saarland","Völklingen","VölKlingen","VölKlingen","Völklingen | VölKlingen"
"WND","Saarland","St. Wendel","St. Wendel","St. Wendel","St. Wendel"
"AE","Sachsen","Vogtlandkreis","Auerbach/Vogtl.","Auerbach/Vogtl.","Vogtlandkreis | Auerbach/Vogtl."
"ANA","Sachsen","Erzgebirgskreis","Annaberg-Buchholz","Annaberg-Buchholz","Erzgebirgskreis | Annaberg-Buchholz"
"ASZ","Sachsen","Erzgebirgskreis","Aue","Aue","Erzgebirgskreis | Aue"
"AU","Sachsen","Erzgebirgskreis","Aue","Aue","Erzgebirgskreis | Aue"
"BED","Sachsen","Mittelsachsen","Brand-Erbisdorf","Brand-Erbisdorf","Mittelsachsen | Brand-Erbisdorf"
"BIW","Sachsen","Bautzen","Bischofswerda","Bischofswerda","Bautzen | Bischofswerda"
"BNA","Sachsen","Leipzig","Borna","Borna","Leipzig | Borna"
"BZ","Sachsen","Bautzen","Bautzen","Bautzen","Bautzen"
"C","Sachsen","Sachsen","Chemnitz","Chemnitz","Sachsen | Chemnitz"
"DD","Sachsen","Dresden","DresDen","DresDen","Dresden | DresDen"
"DL","Sachsen","Mittelsachsen","Döbeln","Döbeln","Mittelsachsen | Döbeln"
"DW","Sachsen","Sächsische Schweiz-Osterzgebirge","Dippoldiswalde","Dippoldiswalde","Sächsische Schweiz-Osterzgebirge | Dippoldiswalde"
"DZ","Sachsen","Nordsachsen","Delitzsch","Delitzsch","Nordsachsen | Delitzsch"
"EB","Sachsen","Nordsachsen","Eilenburg","Eilenburg","Nordsachsen | Eilenburg"
"ERZ","Sachsen","Erzgebirgskreis","Erzgebirge","Erzgebirge","Erzgebirgskreis | Erzgebirge"
"FG","Sachsen","Mittelsachsen","Freiberg","Freiberg","Mittelsachsen | Freiberg"
"FLÖ","Sachsen","Mittelsachsen","Flöha","Flöha","Mittelsachsen | Flöha"
"FTL","Sachsen","Sächsische Schweiz-Osterzgebirge","Freital","Freital","Sächsische Schweiz-Osterzgebirge | Freital"
"GC","Sachsen","Zwickau","Glauchau","Glauchau","Zwickau | Glauchau"
"GHA","Sachsen","Leipzig","Geithain","Geithain","Leipzig | Geithain"
"GR","Sachsen","Görlitz","Görlitz","Görlitz","Görlitz"
"GRH","Sachsen","Meißen","Großenhain","Großenhain","Meißen | Großenhain"
"GRM","Sachsen","Leipzig","Grimma","Grimma","Leipzig | Grimma"
"HC","Sachsen","Mittelsachsen","Hainichen","Hainichen","Mittelsachsen | Hainichen"
"HOT","Sachsen","Zwickau","Hohenstein-Ernstthal","Hohenstein-Ernstthal","Zwickau | Hohenstein-Ernstthal"
"HY","Sachsen","Bautzen","Hoyerswerda","Hoyerswerda","Bautzen | Hoyerswerda"
"KM","Sachsen","Bautzen","Kamenz","Kamenz","Bautzen | Kamenz"
"L","Sachsen","Sachsen","Leipzig","Leipzig","Sachsen | Leipzig"
"LÖB","Sachsen","Görlitz","Löbau","Löbau","Görlitz | Löbau"
"LSN","Sachsen","Sachsen, Landesregierung und Landtag","Landtag SachseN","Landtag SachseN","Sachsen, Landesregierung und Landtag | Landtag SachseN"
"MAB","Sachsen","Erzgebirgskreis","Marienberg","Marienberg","Erzgebirgskreis | Marienberg"
"MEI","Sachsen","Meißen","Meißen","Meißen","Meißen"
"MEK","Sachsen","Erzgebirgskreis","Mittlerer Erzgebirgskreis","Mittlerer Erzgebirgskreis","Erzgebirgskreis | Mittlerer Erzgebirgskreis"
"MTL","Sachsen","Leipzig","Mulde","Mulde","Leipzig | MU | München | München - Umland | Bayern--> | Mulde"
"MW","Sachsen","Mittelsachsen","Mittweida","Mittweida","Mittelsachsen | Mittweida"
"NOL","Sachsen","Görlitz","Niederschlesien","Niederschlesien","Görlitz | Niederschlesien"
"NY","Sachsen","Görlitz","Niesky","Niesky","Görlitz | Niesky"
"OVL","Sachsen","Vogtlandkreis","Obervogtland","Obervogtland","Vogtlandkreis | Obervogtland"
"OZ","Sachsen","Nordsachsen","Oschatz","Oschatz","Nordsachsen | Oschatz"
"PIR","Sachsen","Sächsische Schweiz-Osterzgebirge","Pirna","Pirna","Sächsische Schweiz-Osterzgebirge | Pirna"
"PL","Sachsen","Vogtlandkreis","Plauen","Plauen","Vogtlandkreis | Plauen"
"RC","Sachsen","Vogtlandkreis","Reichenbach im Vogtland","Reichenbach im Vogtland","Vogtlandkreis | Reichenbach im Vogtland"
"RG","Sachsen","Meißen","Riesa","Riesa","Meißen | Riesa"
"RIE","Sachsen","Meißen","Riesa","Riesa","Meißen | Riesa"
"RL","Sachsen","Mittelsachsen","Rochlitz","Rochlitz","Mittelsachsen | Rochlitz"
"SEB","Sachsen","Sächsische Schweiz-Osterzgebirge","Sebnitz","Sebnitz","Sächsische Schweiz-Osterzgebirge | Sebnitz"
"STL","Sachsen","Erzgebirgskreis","Stollberg/Erzgeb.","Stollberg/Erzgeb.","Erzgebirgskreis | Stollberg/Erzgeb."
"SZB","Sachsen","Erzgebirgskreis","Schwarzenberg/Erzgeb.","Schwarzenberg/Erzgeb.","Erzgebirgskreis | Schwarzenberg/Erzgeb."
"TDO","Sachsen","Nordsachsen","Torgau","Torgau","Nordsachsen | Torgau"
"TG","Sachsen","Nordsachsen","Torgau","Torgau","Nordsachsen | Torgau"
"TO","Sachsen","Nordsachsen","Torgau","Torgau","Nordsachsen | Torgau"
"V","Sachsen","Vogtland","Vogtlandkreis","Vogtlandkreis","Vogtland | Vogtlandkreis"
"WDA","Sachsen","Zwickau","Werdau","Werdau","Zwickau | Werdau"
"WSW","Sachsen","Görlitz","Weißwasser","Weißwasser","Görlitz | Weißwasser"
"WUR","Sachsen","Leipzig","Wurzen","Wurzen","Leipzig | Wurzen"
"Z","Sachsen","Sachsen","Zwickau","Zwickau","Sachsen | Zwickau"
"ZI","Sachsen","Görlitz","Zittau","Zittau","Görlitz | Zittau"
"ZP","Sachsen","Erzgebirgskreis","Zschopau","Zschopau","Erzgebirgskreis | Zschopau"
"ABI","Sachsen-Anhalt","Anhalt-Bitterfeld","Anhalt","Anhalt","Anhalt-Bitterfeld | Anhalt"
"ASL","Sachsen-Anhalt","Salzlandkreis","Aschersleben","Aschersleben","Salzlandkreis | Aschersleben"
"AZE","Sachsen-Anhalt","Anhalt-Bitterfeld","Anhalt","Anhalt","Anhalt-Bitterfeld | Anhalt"
"BBG","Sachsen-Anhalt","Salzlandkreis","Bernburg","Bernburg","Salzlandkreis | Bernburg"
"BLK","Sachsen-Anhalt","Burgenlandkreis","BurgenLandKreis","BurgenLandKreis","Burgenlandkreis | BurgenLandKreis"
"BÖ","Sachsen-Anhalt","Börde","Magdeburger Börde","Magdeburger Börde","Börde | Magdeburger Börde"
"BRG","Sachsen-Anhalt","Jerichower Land","Burg","Burg","Jerichower Land | Burg"
"BTF","Sachsen-Anhalt","Anhalt-Bitterfeld","Bitterfeld","Bitterfeld","Anhalt-Bitterfeld | Bitterfeld"
"DE","Sachsen-Anhalt","Dessau-Roßlau","Dessau","Dessau","Dessau-Roßlau | Dessau"
"EIL","Sachsen-Anhalt","Mansfeld-Südharz","Lutherstadt Eisleben","Lutherstadt Eisleben","Mansfeld-Südharz | Lutherstadt Eisleben"
"GA","Sachsen-Anhalt","Altmarkkreis Salzwedel","Gardelegen","Gardelegen","Altmarkkreis Salzwedel | Gardelegen"
"GHC","Sachsen-Anhalt","Wittenberg","Gräfenhainichen","Gräfenhainichen","Wittenberg | Gräfenhainichen"
"GNT","Sachsen-Anhalt","Jerichower Land","Genthin","Genthin","Jerichower Land | Genthin"
"HAL","Sachsen-Anhalt","Halle","HALle","HALle","Halle | HALle"
"HBS","Sachsen-Anhalt","Harz","Halberstadt","Halberstadt","Harz | Halberstadt"
"HDL","Sachsen-Anhalt","Börde","Haldensleben","Haldensleben","Börde | Haldensleben"
"HET","Sachsen-Anhalt","Mansfeld-Südharz","Hettstedt","Hettstedt","Mansfeld-Südharz | Hettstedt"
"HHM","Sachsen-Anhalt","Burgenlandkreis","Hohenmölsen","Hohenmölsen","Burgenlandkreis | Hohenmölsen"
"HV","Sachsen-Anhalt","Stendal","Havelberg","Havelberg","Stendal | Havelberg"
"HZ","Sachsen-Anhalt","Harz","Harz","Harz","Harz"
"JE","Sachsen-Anhalt","Wittenberg","Jessen","Jessen","Wittenberg | Jessen"
"JL","Sachsen-Anhalt","Sachsen-Anhalt","Jerichower Land","Jerichower Land","Sachsen-Anhalt | Jerichower Land"
"KLZ","Sachsen-Anhalt","Altmarkkreis Salzwedel","Klötze","Klötze","Altmarkkreis Salzwedel | Klötze"
"KÖT","Sachsen-Anhalt","Anhalt-Bitterfeld","Köthen","Köthen","Anhalt-Bitterfeld | Köthen"
"LSA","Sachsen-Anhalt","Sachsen-Anhalt, Landesregierung, Landtag und Polizei","Land Sachsen-Anhalt","Land Sachsen-Anhalt","Sachsen-Anhalt, Landesregierung, Landtag und Polizei | Land Sachsen-Anhalt"
"MD","Sachsen-Anhalt","Magdeburg","MagDeburg","MagDeburg","Magdeburg | MagDeburg"
"MER","Sachsen-Anhalt","Saalekreis","Merseburg","Merseburg","Saalekreis | Merseburg"
"ML","Sachsen-Anhalt","Mansfeld-Südharz","Mansfelder Land","Mansfelder Land","Mansfeld-Südharz | Mansfelder Land"
"MQ","Sachsen-Anhalt","Saalekreis","Merseburg","Merseburg","Saalekreis | Merseburg"
"MSH","Sachsen-Anhalt","Mansfeld-Südharz","Mansfelder Land","Mansfelder Land","Mansfeld-Südharz | Mansfelder Land"
"NEB","Sachsen-Anhalt","Burgenlandkreis","Nebra","Nebra","Burgenlandkreis | Nebra"
"NMB","Sachsen-Anhalt","Burgenlandkreis","Naumburg","Naumburg","Burgenlandkreis | Naumburg"
"OBG","Sachsen-Anhalt","Stendal","Osterburg","Osterburg","Stendal | Osterburg"
"OC","Sachsen-Anhalt","Börde","Oschersleben","Oschersleben","Börde | Oschersleben"
"OK","Sachsen-Anhalt","Börde","Ohrekreis","Ohrekreis","Börde | Ohrekreis"
"QFT","Sachsen-Anhalt","Saalekreis","Querfurt","Querfurt","Saalekreis | Querfurt"
"QLB","Sachsen-Anhalt","Harz","Quedlinburg","Quedlinburg","Harz | Quedlinburg"
"RSL","Sachsen-Anhalt","Dessau-Roßlau","Roßlau","Roßlau","Dessau-Roßlau | Roßlau"
"SAW","Sachsen-Anhalt","Altmarkkreis Salzwedel","Salzwedel","Salzwedel","Altmarkkreis Salzwedel | Salzwedel"
"SBK","Sachsen-Anhalt","Salzlandkreis","Schönebeck","Schönebeck","Salzlandkreis | Schönebeck"
"SDL","Sachsen-Anhalt","Stendal","Stendal","Stendal","Stendal"
"SFT","Sachsen-Anhalt","Salzlandkreis","Staßfurt","Staßfurt","Salzlandkreis | Staßfurt"
"SGH","Sachsen-Anhalt","Mansfeld-Südharz","Sangerhausen","Sangerhausen","Mansfeld-Südharz | Sangerhausen"
"SK","Sachsen-Anhalt","Saalekreis","SaaleKreis","SaaleKreis","Saalekreis | SaaleKreis"
"SLK","Sachsen-Anhalt","Salzlandkreis","SalzLandKreis","SalzLandKreis","Salzlandkreis | SalzLandKreis"
"WB","Sachsen-Anhalt","Wittenberg","Lutherstadt Wittenberg","Lutherstadt Wittenberg","Wittenberg | Lutherstadt Wittenberg"
"WMS","Sachsen-Anhalt","Börde","Wolmirstedt","Wolmirstedt","Börde | Wolmirstedt"
"WR","Sachsen-Anhalt","Harz","Wernigerode","Wernigerode","Harz | Wernigerode"
"WSF","Sachsen-Anhalt","Burgenlandkreis","Weißenfels","Weißenfels","Burgenlandkreis | Weißenfels"
"WZL","Sachsen-Anhalt","Börde","Wanzleben","Wanzleben","Börde | Wanzleben"
"ZE","Sachsen-Anhalt","Anhalt-Bitterfeld","Zerbst/Anhalt","Zerbst/Anhalt","Anhalt-Bitterfeld | Zerbst/Anhalt"
"ZZ","Sachsen-Anhalt","Burgenlandkreis","Zeitz","Zeitz","Burgenlandkreis | Zeitz"
"ECK","Schleswig-Holstein","Rendsburg-Eckernförde","Eckernförde","Eckernförde","Rendsburg-Eckernförde | Eckernförde"
"FL","Schleswig-Holstein","Flensburg","FLensburg","FLensburg","Flensburg | FLensburg"
"HEI","Schleswig-Holstein","Dithmarschen","Heide","Heide","Dithmarschen | Heide"
"HL","Schleswig-Holstein","Lübeck","Hansestadt","Hansestadt","Lübeck | Hansestadt"
"IZ","Schleswig-Holstein","Steinburg","Itzehoe","Itzehoe","Steinburg | Itzehoe"
"KI","Schleswig-Holstein","Kiel","KIel","KIel","Kiel | KIel"
"MED","Schleswig-Holstein","Dithmarschen","Meldorf","Meldorf","Dithmarschen | Meldorf"
"NF","Schleswig-Holstein","Nordfriesland","Nordfriesland","Nordfriesland","Nordfriesland"
"NMS","Schleswig-Holstein","Neumünster","NeuMünSter","NeuMünSter","Neumünster | NeuMünSter"
"OD","Schleswig-Holstein","Stormarn","Bad Oldesloe","Bad Oldesloe","Stormarn | Bad Oldesloe"
"OH","Schleswig-Holstein","Ostholstein","Holstein","Holstein","Ostholstein | Holstein"
"PI","Schleswig-Holstein","Pinneberg","Pinneberg","Pinneberg","Pinneberg"
"PLÖ","Schleswig-Holstein","Plön","Plön","Plön","Plön"
"RD","Schleswig-Holstein","Rendsburg-Eckernförde","Rendsburg","Rendsburg","Rendsburg-Eckernförde | Rendsburg"
"RZ","Schleswig-Holstein","Herzogtum Lauenburg","Ratzeburg","Ratzeburg","Herzogtum Lauenburg | Ratzeburg"
"SE","Schleswig-Holstein","Segeberg","Bad Segeberg","Bad Segeberg","Segeberg | Bad Segeberg"
"SH","Schleswig-Holstein","Schleswig-Holstein, Landesregierung, Landtag und Polizei","Schleswig-Holstein, Landesregierung, Landtag und Polizei","Schleswig-Holstein, Landesregierung, Landtag und Polizei","Schleswig-Holstein, Landesregierung, Landtag und Polizei"
"SL","Schleswig-Holstein","Schleswig-Flensburg","Schleswig","Schleswig","Schleswig-Flensburg | Schleswig"
"BD","Sonderkennzeichen","BundesDienst","Deutscher Bundestag","Deutscher Bundestag","BundesDienst | Deutscher Bundestag"
"BP","Sonderkennzeichen","Bundespolizei","BundesPolizei","BundesPolizei","Bundespolizei | BundesPolizei"
"BW","Sonderkennzeichen","Bundes-Wasserstraßen- und Schifffahrtsverwaltung","Wasserstraßen- und Schifffahrtsverwaltung des Bundes","Wasserstraßen- und Schifffahrtsverwaltung des Bundes","Bundes-Wasserstraßen- und Schifffahrtsverwaltung | Wasserstraßen- und Schifffahrtsverwaltung des Bundes"
"THW","Sonderkennzeichen","Bundesanstalt Technisches Hilfswerk","Technisches HilfsWerk","Technisches HilfsWerk","Bundesanstalt Technisches Hilfswerk | Technisches HilfsWerk"
"X","Sonderkennzeichen","Internationale Hauptquartiere","Internationale Hauptquartiere","Internationale Hauptquartiere","Internationale Hauptquartiere | willkürlich gewählt"
"Y","Sonderkennzeichen","Bundeswehr","„Y“ wurde genommen, da es bei Gründung der Bundeswehr noch frei war. „BW“ o. Ä. war bereits vergeben.","„Y“ wurde genommen, da es bei Gründung der Bundeswehr noch frei war. „BW“ o. Ä. war bereits vergeben.","Bundeswehr | „Y“ wurde genommen, da es bei Gründung der Bundeswehr noch frei war. „BW“ o. Ä. war bereits vergeben."
"ABG","Thüringen","Altenburger Land","Altenburg","Altenburg","Altenburger Land | Altenburg"
"AP","Thüringen","Weimarer Land","Apolda","Apolda","Weimarer Land | Apolda"
"APD","Thüringen","Weimarer Land","APolDa","APolDa","Weimarer Land | APolDa"
"ARN","Thüringen","Ilm-Kreis","Arnstadt","Arnstadt","Ilm-Kreis | Arnstadt"
"ART","Thüringen","Kyffhäuserkreis","Artern","Artern","Kyffhäuserkreis | Artern"
"EA","Thüringen","Wartburgkreis","Eisenach","Eisenach","Wartburgkreis | Eisenach"
"EF","Thüringen","Erfurt","ErFurt","ErFurt","Erfurt | ErFurt"
"EIC","Thüringen","Eichsfeld","Eichsfeld","Eichsfeld","Eichsfeld"
"EIS","Thüringen","Saale-Holzland-Kreis","Eisenberg","Eisenberg","Saale-Holzland-Kreis | Eisenberg"
"G","Thüringen","Thüringen","Gera","Gera","Thüringen | Gera"
"GRZ","Thüringen","Greiz","Greiz","Greiz","Greiz"
"GTH","Thüringen","Gotha","Gotha","Gotha","Gotha"
"HBN","Thüringen","Hildburghausen","Hildburghausen","Hildburghausen","Hildburghausen"
"HIG","Thüringen","Eichsfeld","Heilbad Heiligenstadt","Heilbad Heiligenstadt","Eichsfeld | Heilbad Heiligenstadt"
"IK","Thüringen","Thüringen","Ilm-Kreis","Ilm-Kreis","Thüringen | Ilm-Kreis"
"IL","Thüringen","Ilm-Kreis","Ilmenau","Ilmenau","Ilm-Kreis | Ilmenau"
"J","Thüringen","Thüringen","Jena","Jena","Thüringen | Jena"
"KYF","Thüringen","Kyffhäuserkreis","Kyffhäuser","Kyffhäuser","Kyffhäuserkreis | Kyffhäuser"
"LBS","Thüringen","Saale-Orla-Kreis","Bad Lobenstein","Bad Lobenstein","Saale-Orla-Kreis | Bad Lobenstein"
"LSZ","Thüringen","Unstrut-Hainich-Kreis","Bad Langensalza","Bad Langensalza","Unstrut-Hainich-Kreis | Bad Langensalza"
"MGN","Thüringen","Schmalkalden-Meiningen","Meiningen","Meiningen","Schmalkalden-Meiningen | Meiningen"
"MHL","Thüringen","Unstrut-Hainich-Kreis","Mühlhausen/Thüringen","Mühlhausen/Thüringen","Unstrut-Hainich-Kreis | Mühlhausen/Thüringen"
"NDH","Thüringen","Nordhausen","Nordhausen","Nordhausen","Nordhausen"
"NH","Thüringen","Sonneberg","Neuhaus am Rennweg","Neuhaus am Rennweg","Sonneberg | Neuhaus am Rennweg"
"PN","Thüringen","Saale-Orla-Kreis","Pößneck","Pößneck","Saale-Orla-Kreis | Pößneck"
"RU","Thüringen","Saalfeld-Rudolstadt","Rudolstadt","Rudolstadt","Saalfeld-Rudolstadt | Rudolstadt"
"SCZ","Thüringen","Saale-Orla-Kreis","Schleiz","Schleiz","Saale-Orla-Kreis | Schleiz"
"SDH","Thüringen","Kyffhäuserkreis","Sondershausen","Sondershausen","Kyffhäuserkreis | Sondershausen"
"SHK","Thüringen","Thüringen","Saale-Holzland-Kreis","Saale-Holzland-Kreis","Thüringen | Saale-Holzland-Kreis"
"SHL","Thüringen","Suhl","SuHL","SuHL","Suhl | SuHL"
"SLF","Thüringen","Saalfeld-Rudolstadt","Saalfeld/Saale","Saalfeld/Saale","Saalfeld-Rudolstadt | Saalfeld/Saale"
"SLN","Thüringen","Altenburger Land","Schmölln","Schmölln","Altenburger Land | Schmölln"
"SLZ","Thüringen","Wartburgkreis","Bad Salzungen","Bad Salzungen","Wartburgkreis | Bad Salzungen"
"SM","Thüringen","SchMalkalden","Schmalkalden-Meiningen","Schmalkalden-Meiningen","SchMalkalden | Schmalkalden-Meiningen"
"SOK","Thüringen","Thüringen","Saale-Orla-Kreis","Saale-Orla-Kreis","Thüringen | Saale-Orla-Kreis"
"SÖM","Thüringen","Sömmerda","Sömmerda","Sömmerda","Sömmerda"
"SON","Thüringen","Sonneberg","Sonneberg","Sonneberg","Sonneberg"
"SRO","Thüringen","Saale-Holzland-Kreis","Stadtroda","Stadtroda","Saale-Holzland-Kreis | Stadtroda"
"THL","Thüringen","Thüringen, Landesregierung und Landtag","THüringer Landtag","THüringer Landtag","Thüringen, Landesregierung und Landtag | THüringer Landtag"
"UH","Thüringen","Unstrut, Hainich","Unstrut-Hainich-Kreis","Unstrut-Hainich-Kreis","Unstrut, Hainich | Unstrut-Hainich-Kreis"
"WAK","Thüringen","Wartburgkreis","Wartburg","Wartburg","Wartburgkreis | Wartburg"
"WBS","Thüringen","Eichsfeld","Worbis","Worbis","Eichsfeld | Worbis"
"WE","Thüringen","Weimar","WEimar","WEimar","Weimar | WEimar"
"ZR","Thüringen","Greiz","Zeulenroda","Zeulenroda","Greiz | Zeulenroda"
